[
    {
        "name": "Afghanistan",
        "country_id_long": "AFG",
        "country_id": "AF",
        "phone_code": "93",
        "capital": "Kabul",
        "currency": "AFN",
        "currency_name": "Afghan afghani",
        "currency_symbol": "؋",
        "region": "Asia",
        "subregion": "Southern Asia",
        "emoji": "🇦🇫"
    },
    {
        "name": "Aland Islands",
        "country_id_long": "ALA",
        "country_id": "AX",
        "phone_code": "35818",
        "capital": "Mariehamn",
        "currency": "EUR",
        "currency_name": "Euro",
        "currency_symbol": "€",
        "region": "Europe",
        "subregion": "Northern Europe",
        "emoji": "🇦🇽"
    },
    {
        "name": "Albania",
        "country_id_long": "ALB",
        "country_id": "AL",
        "phone_code": "355",
        "capital": "Tirana",
        "currency": "ALL",
        "currency_name": "Albanian lek",
        "currency_symbol": "Lek",
        "region": "Europe",
        "subregion": "Southern Europe",
        "emoji": "🇦🇱"
    },
    {
        "name": "Algeria",
        "country_id_long": "DZA",
        "country_id": "DZ",
        "phone_code": "213",
        "capital": "Algiers",
        "currency": "DZD",
        "currency_name": "Algerian dinar",
        "currency_symbol": "دج",
        "region": "Africa",
        "subregion": "Northern Africa",
        "emoji": "🇩🇿"
    },
    {
        "name": "American Samoa",
        "country_id_long": "ASM",
        "country_id": "AS",
        "phone_code": "1684",
        "capital": "Pago Pago",
        "currency": "USD",
        "currency_name": "US Dollar",
        "currency_symbol": "$",
        "region": "Oceania",
        "subregion": "Polynesia",
        "emoji": "🇦🇸"
    },
    {
        "name": "Andorra",
        "country_id_long": "AND",
        "country_id": "AD",
        "phone_code": "376",
        "capital": "Andorra la Vella",
        "currency": "EUR",
        "currency_name": "Euro",
        "currency_symbol": "€",
        "region": "Europe",
        "subregion": "Southern Europe",
        "emoji": "🇦🇩"
    },
    {
        "name": "Angola",
        "country_id_long": "AGO",
        "country_id": "AO",
        "phone_code": "244",
        "capital": "Luanda",
        "currency": "AOA",
        "currency_name": "Angolan kwanza",
        "currency_symbol": "Kz",
        "region": "Africa",
        "subregion": "Middle Africa",
        "emoji": "🇦🇴"
    },
    {
        "name": "Anguilla",
        "country_id_long": "AIA",
        "country_id": "AI",
        "phone_code": "1264",
        "capital": "The Valley",
        "currency": "XCD",
        "currency_name": "East Caribbean dollar",
        "currency_symbol": "$",
        "region": "Americas",
        "subregion": "Caribbean",
        "emoji": "🇦🇮"
    },
    {
        "name": "Antarctica",
        "country_id_long": "ATA",
        "country_id": "AQ",
        "phone_code": "672",
        "capital": "",
        "currency": "AAD",
        "currency_name": "Antarctican dollar",
        "currency_symbol": "$",
        "region": "Polar",
        "subregion": "",
        "emoji": "🇦🇶"
    },
    {
        "name": "Antigua And Barbuda",
        "country_id_long": "ATG",
        "country_id": "AG",
        "phone_code": "1268",
        "capital": "St. John's",
        "currency": "XCD",
        "currency_name": "Eastern Caribbean dollar",
        "currency_symbol": "$",
        "region": "Americas",
        "subregion": "Caribbean",
        "emoji": "🇦🇬"
    },
    {
        "name": "Argentina",
        "country_id_long": "ARG",
        "country_id": "AR",
        "phone_code": "54",
        "capital": "Buenos Aires",
        "currency": "ARS",
        "currency_name": "Argentine peso",
        "currency_symbol": "$",
        "region": "Americas",
        "subregion": "South America",
        "emoji": "🇦🇷"
    },
    {
        "name": "Armenia",
        "country_id_long": "ARM",
        "country_id": "AM",
        "phone_code": "374",
        "capital": "Yerevan",
        "currency": "AMD",
        "currency_name": "Armenian dram",
        "currency_symbol": "Ö",
        "region": "Asia",
        "subregion": "Western Asia",
        "emoji": "🇦🇲"
    },
    {
        "name": "Aruba",
        "country_id_long": "ABW",
        "country_id": "AW",
        "phone_code": "297",
        "capital": "Oranjestad",
        "currency": "AWG",
        "currency_name": "Aruban florin",
        "currency_symbol": "ƒ",
        "region": "Americas",
        "subregion": "Caribbean",
        "emoji": "🇦🇼"
    },
    {
        "name": "Australia",
        "country_id_long": "AUS",
        "country_id": "AU",
        "phone_code": "61",
        "capital": "Canberra",
        "currency": "AUD",
        "currency_name": "Australian dollar",
        "currency_symbol": "$",
        "region": "Oceania",
        "subregion": "Australia and New Zealand",
        "emoji": "🇦🇺"
    },
    {
        "name": "Austria",
        "country_id_long": "AUT",
        "country_id": "AT",
        "phone_code": "43",
        "capital": "Vienna",
        "currency": "EUR",
        "currency_name": "Euro",
        "currency_symbol": "€",
        "region": "Europe",
        "subregion": "Western Europe",
        "emoji": "🇦🇹"
    },
    {
        "name": "Azerbaijan",
        "country_id_long": "AZE",
        "country_id": "AZ",
        "phone_code": "994",
        "capital": "Baku",
        "currency": "AZN",
        "currency_name": "Azerbaijani manat",
        "currency_symbol": "m",
        "region": "Asia",
        "subregion": "Western Asia",
        "emoji": "🇦🇿"
    },
    {
        "name": "Bahrain",
        "country_id_long": "BHR",
        "country_id": "BH",
        "phone_code": "973",
        "capital": "Manama",
        "currency": "BHD",
        "currency_name": "Bahraini dinar",
        "currency_symbol": ".د.ب",
        "region": "Asia",
        "subregion": "Western Asia",
        "emoji": "🇧🇭"
    },
    {
        "name": "Bangladesh",
        "country_id_long": "BGD",
        "country_id": "BD",
        "phone_code": "880",
        "capital": "Dhaka",
        "currency": "BDT",
        "currency_name": "Bangladeshi taka",
        "currency_symbol": "৳",
        "region": "Asia",
        "subregion": "Southern Asia",
        "emoji": "🇧🇩"
    },
    {
        "name": "Barbados",
        "country_id_long": "BRB",
        "country_id": "BB",
        "phone_code": "1246",
        "capital": "Bridgetown",
        "currency": "BBD",
        "currency_name": "Barbadian dollar",
        "currency_symbol": "Bds$",
        "region": "Americas",
        "subregion": "Caribbean",
        "emoji": "🇧🇧"
    },
    {
        "name": "Belarus",
        "country_id_long": "BLR",
        "country_id": "BY",
        "phone_code": "375",
        "capital": "Minsk",
        "currency": "BYN",
        "currency_name": "Belarusian ruble",
        "currency_symbol": "Br",
        "region": "Europe",
        "subregion": "Eastern Europe",
        "emoji": "🇧🇾"
    },
    {
        "name": "Belgium",
        "country_id_long": "BEL",
        "country_id": "BE",
        "phone_code": "32",
        "capital": "Brussels",
        "currency": "EUR",
        "currency_name": "Euro",
        "currency_symbol": "€",
        "region": "Europe",
        "subregion": "Western Europe",
        "emoji": "🇧🇪"
    },
    {
        "name": "Belize",
        "country_id_long": "BLZ",
        "country_id": "BZ",
        "phone_code": "501",
        "capital": "Belmopan",
        "currency": "BZD",
        "currency_name": "Belize dollar",
        "currency_symbol": "$",
        "region": "Americas",
        "subregion": "Central America",
        "emoji": "🇧🇿"
    },
    {
        "name": "Benin",
        "country_id_long": "BEN",
        "country_id": "BJ",
        "phone_code": "229",
        "capital": "Porto-Novo",
        "currency": "XOF",
        "currency_name": "West African CFA franc",
        "currency_symbol": "CFA",
        "region": "Africa",
        "subregion": "Western Africa",
        "emoji": "🇧🇯"
    },
    {
        "name": "Bermuda",
        "country_id_long": "BMU",
        "country_id": "BM",
        "phone_code": "1441",
        "capital": "Hamilton",
        "currency": "BMD",
        "currency_name": "Bermudian dollar",
        "currency_symbol": "$",
        "region": "Americas",
        "subregion": "Northern America",
        "emoji": "🇧🇲"
    },
    {
        "name": "Bhutan",
        "country_id_long": "BTN",
        "country_id": "BT",
        "phone_code": "975",
        "capital": "Thimphu",
        "currency": "BTN",
        "currency_name": "Bhutanese ngultrum",
        "currency_symbol": "Nu.",
        "region": "Asia",
        "subregion": "Southern Asia",
        "emoji": "🇧🇹"
    },
    {
        "name": "Bolivia",
        "country_id_long": "BOL",
        "country_id": "BO",
        "phone_code": "591",
        "capital": "Sucre",
        "currency": "BOB",
        "currency_name": "Bolivian boliviano",
        "currency_symbol": "Bs.",
        "region": "Americas",
        "subregion": "South America",
        "emoji": "🇧🇴"
    },
    {
        "name": "Bonaire, Sint Eustatius and Saba",
        "country_id_long": "BES",
        "country_id": "BQ",
        "phone_code": "599",
        "capital": "Kralendijk",
        "currency": "USD",
        "currency_name": "United States dollar",
        "currency_symbol": "$",
        "region": "Americas",
        "subregion": "Caribbean",
        "emoji": "🇧🇶"
    },
    {
        "name": "Bosnia and Herzegovina",
        "country_id_long": "BIH",
        "country_id": "BA",
        "phone_code": "387",
        "capital": "Sarajevo",
        "currency": "BAM",
        "currency_name": "Bosnia and Herzegovina convertible mark",
        "currency_symbol": "KM",
        "region": "Europe",
        "subregion": "Southern Europe",
        "emoji": "🇧🇦"
    },
    {
        "name": "Botswana",
        "country_id_long": "BWA",
        "country_id": "BW",
        "phone_code": "267",
        "capital": "Gaborone",
        "currency": "BWP",
        "currency_name": "Botswana pula",
        "currency_symbol": "P",
        "region": "Africa",
        "subregion": "Southern Africa",
        "emoji": "🇧🇼"
    },
    {
        "name": "Bouvet Island",
        "country_id_long": "BVT",
        "country_id": "BV",
        "phone_code": "0055",
        "capital": "",
        "currency": "NOK",
        "currency_name": "Norwegian Krone",
        "currency_symbol": "kr",
        "region": "",
        "subregion": "",
        "emoji": "🇧🇻"
    },
    {
        "name": "Brazil",
        "country_id_long": "BRA",
        "country_id": "BR",
        "phone_code": "55",
        "capital": "Brasilia",
        "currency": "BRL",
        "currency_name": "Brazilian real",
        "currency_symbol": "R$",
        "region": "Americas",
        "subregion": "South America",
        "emoji": "🇧🇷"
    },
    {
        "name": "British Indian Ocean Territory",
        "country_id_long": "IOT",
        "country_id": "IO",
        "phone_code": "246",
        "capital": "Diego Garcia",
        "currency": "USD",
        "currency_name": "United States dollar",
        "currency_symbol": "$",
        "region": "Africa",
        "subregion": "Eastern Africa",
        "emoji": "🇮🇴"
    },
    {
        "name": "Brunei",
        "country_id_long": "BRN",
        "country_id": "BN",
        "phone_code": "673",
        "capital": "Bandar Seri Begawan",
        "currency": "BND",
        "currency_name": "Brunei dollar",
        "currency_symbol": "B$",
        "region": "Asia",
        "subregion": "South-Eastern Asia",
        "emoji": "🇧🇳"
    },
    {
        "name": "Bulgaria",
        "country_id_long": "BGR",
        "country_id": "BG",
        "phone_code": "359",
        "capital": "Sofia",
        "currency": "BGN",
        "currency_name": "Bulgarian lev",
        "currency_symbol": "Лв.",
        "region": "Europe",
        "subregion": "Eastern Europe",
        "emoji": "🇧🇬"
    },
    {
        "name": "Burkina Faso",
        "country_id_long": "BFA",
        "country_id": "BF",
        "phone_code": "226",
        "capital": "Ouagadougou",
        "currency": "XOF",
        "currency_name": "West African CFA franc",
        "currency_symbol": "CFA",
        "region": "Africa",
        "subregion": "Western Africa",
        "emoji": "🇧🇫"
    },
    {
        "name": "Burundi",
        "country_id_long": "BDI",
        "country_id": "BI",
        "phone_code": "257",
        "capital": "Bujumbura",
        "currency": "BIF",
        "currency_name": "Burundian franc",
        "currency_symbol": "FBu",
        "region": "Africa",
        "subregion": "Eastern Africa",
        "emoji": "🇧🇮"
    },
    {
        "name": "Cambodia",
        "country_id_long": "KHM",
        "country_id": "KH",
        "phone_code": "855",
        "capital": "Phnom Penh",
        "currency": "KHR",
        "currency_name": "Cambodian riel",
        "currency_symbol": "KHR",
        "region": "Asia",
        "subregion": "South-Eastern Asia",
        "emoji": "🇰🇭"
    },
    {
        "name": "Cameroon",
        "country_id_long": "CMR",
        "country_id": "CM",
        "phone_code": "237",
        "capital": "Yaounde",
        "currency": "XAF",
        "currency_name": "Central African CFA franc",
        "currency_symbol": "FCFA",
        "region": "Africa",
        "subregion": "Middle Africa",
        "emoji": "🇨🇲"
    },
    {
        "name": "Canada",
        "country_id_long": "CAN",
        "country_id": "CA",
        "phone_code": "1",
        "capital": "Ottawa",
        "currency": "CAD",
        "currency_name": "Canadian dollar",
        "currency_symbol": "$",
        "region": "Americas",
        "subregion": "Northern America",
        "emoji": "🇨🇦"
    },
    {
        "name": "Cape Verde",
        "country_id_long": "CPV",
        "country_id": "CV",
        "phone_code": "238",
        "capital": "Praia",
        "currency": "CVE",
        "currency_name": "Cape Verdean escudo",
        "currency_symbol": "$",
        "region": "Africa",
        "subregion": "Western Africa",
        "emoji": "🇨🇻"
    },
    {
        "name": "Cayman Islands",
        "country_id_long": "CYM",
        "country_id": "KY",
        "phone_code": "1345",
        "capital": "George Town",
        "currency": "KYD",
        "currency_name": "Cayman Islands dollar",
        "currency_symbol": "$",
        "region": "Americas",
        "subregion": "Caribbean",
        "emoji": "🇰🇾"
    },
    {
        "name": "Central African Republic",
        "country_id_long": "CAF",
        "country_id": "CF",
        "phone_code": "236",
        "capital": "Bangui",
        "currency": "XAF",
        "currency_name": "Central African CFA franc",
        "currency_symbol": "FCFA",
        "region": "Africa",
        "subregion": "Middle Africa",
        "emoji": "🇨🇫"
    },
    {
        "name": "Chad",
        "country_id_long": "TCD",
        "country_id": "TD",
        "phone_code": "235",
        "capital": "N'Djamena",
        "currency": "XAF",
        "currency_name": "Central African CFA franc",
        "currency_symbol": "FCFA",
        "region": "Africa",
        "subregion": "Middle Africa",
        "emoji": "🇹🇩"
    },
    {
        "name": "Chile",
        "country_id_long": "CHL",
        "country_id": "CL",
        "phone_code": "56",
        "capital": "Santiago",
        "currency": "CLP",
        "currency_name": "Chilean peso",
        "currency_symbol": "$",
        "region": "Americas",
        "subregion": "South America",
        "emoji": "🇨🇱"
    },
    {
        "name": "China",
        "country_id_long": "CHN",
        "country_id": "CN",
        "phone_code": "86",
        "capital": "Beijing",
        "currency": "CNY",
        "currency_name": "Chinese yuan",
        "currency_symbol": "¥",
        "region": "Asia",
        "subregion": "Eastern Asia",
        "emoji": "🇨🇳"
    },
    {
        "name": "Christmas Island",
        "country_id_long": "CXR",
        "country_id": "CX",
        "phone_code": "61",
        "capital": "Flying Fish Cove",
        "currency": "AUD",
        "currency_name": "Australian dollar",
        "currency_symbol": "$",
        "region": "Oceania",
        "subregion": "Australia and New Zealand",
        "emoji": "🇨🇽"
    },
    {
        "name": "Cocos (Keeling) Islands",
        "country_id_long": "CCK",
        "country_id": "CC",
        "phone_code": "61",
        "capital": "West Island",
        "currency": "AUD",
        "currency_name": "Australian dollar",
        "currency_symbol": "$",
        "region": "Oceania",
        "subregion": "Australia and New Zealand",
        "emoji": "🇨🇨"
    },
    {
        "name": "Colombia",
        "country_id_long": "COL",
        "country_id": "CO",
        "phone_code": "57",
        "capital": "Bogotá",
        "currency": "COP",
        "currency_name": "Colombian peso",
        "currency_symbol": "$",
        "region": "Americas",
        "subregion": "South America",
        "emoji": "🇨🇴"
    },
    {
        "name": "Comoros",
        "country_id_long": "COM",
        "country_id": "KM",
        "phone_code": "269",
        "capital": "Moroni",
        "currency": "KMF",
        "currency_name": "Comorian franc",
        "currency_symbol": "CF",
        "region": "Africa",
        "subregion": "Eastern Africa",
        "emoji": "🇰🇲"
    },
    {
        "name": "Congo",
        "country_id_long": "COG",
        "country_id": "CG",
        "phone_code": "242",
        "capital": "Brazzaville",
        "currency": "XAF",
        "currency_name": "Central African CFA franc",
        "currency_symbol": "FC",
        "region": "Africa",
        "subregion": "Middle Africa",
        "emoji": "🇨🇬"
    },
    {
        "name": "Cook Islands",
        "country_id_long": "COK",
        "country_id": "CK",
        "phone_code": "682",
        "capital": "Avarua",
        "currency": "NZD",
        "currency_name": "Cook Islands dollar",
        "currency_symbol": "$",
        "region": "Oceania",
        "subregion": "Polynesia",
        "emoji": "🇨🇰"
    },
    {
        "name": "Costa Rica",
        "country_id_long": "CRI",
        "country_id": "CR",
        "phone_code": "506",
        "capital": "San Jose",
        "currency": "CRC",
        "currency_name": "Costa Rican colón",
        "currency_symbol": "₡",
        "region": "Americas",
        "subregion": "Central America",
        "emoji": "🇨🇷"
    },
    {
        "name": "Cote D'Ivoire (Ivory Coast)",
        "country_id_long": "CIV",
        "country_id": "CI",
        "phone_code": "225",
        "capital": "Yamoussoukro",
        "currency": "XOF",
        "currency_name": "West African CFA franc",
        "currency_symbol": "CFA",
        "region": "Africa",
        "subregion": "Western Africa",
        "emoji": "🇨🇮"
    },
    {
        "name": "Croatia",
        "country_id_long": "HRV",
        "country_id": "HR",
        "phone_code": "385",
        "capital": "Zagreb",
        "currency": "HRK",
        "currency_name": "Croatian kuna",
        "currency_symbol": "kn",
        "region": "Europe",
        "subregion": "Southern Europe",
        "emoji": "🇭🇷"
    },
    {
        "name": "Cuba",
        "country_id_long": "CUB",
        "country_id": "CU",
        "phone_code": "53",
        "capital": "Havana",
        "currency": "CUP",
        "currency_name": "Cuban peso",
        "currency_symbol": "$",
        "region": "Americas",
        "subregion": "Caribbean",
        "emoji": "🇨🇺"
    },
    {
        "name": "Curaçao",
        "country_id_long": "CUW",
        "country_id": "CW",
        "phone_code": "599",
        "capital": "Willemstad",
        "currency": "ANG",
        "currency_name": "Netherlands Antillean guilder",
        "currency_symbol": "ƒ",
        "region": "Americas",
        "subregion": "Caribbean",
        "emoji": "🇨🇼"
    },
    {
        "name": "Cyprus",
        "country_id_long": "CYP",
        "country_id": "CY",
        "phone_code": "357",
        "capital": "Nicosia",
        "currency": "EUR",
        "currency_name": "Euro",
        "currency_symbol": "€",
        "region": "Europe",
        "subregion": "Southern Europe",
        "emoji": "🇨🇾"
    },
    {
        "name": "Czech Republic",
        "country_id_long": "CZE",
        "country_id": "CZ",
        "phone_code": "420",
        "capital": "Prague",
        "currency": "CZK",
        "currency_name": "Czech koruna",
        "currency_symbol": "KÄ",
        "region": "Europe",
        "subregion": "Eastern Europe",
        "emoji": "🇨🇿"
    },
    {
        "name": "Democratic Republic of the Congo",
        "country_id_long": "COD",
        "country_id": "CD",
        "phone_code": "243",
        "capital": "Kinshasa",
        "currency": "CDF",
        "currency_name": "Congolese Franc",
        "currency_symbol": "FC",
        "region": "Africa",
        "subregion": "Middle Africa",
        "emoji": "🇨🇩"
    },
    {
        "name": "Denmark",
        "country_id_long": "DNK",
        "country_id": "DK",
        "phone_code": "45",
        "capital": "Copenhagen",
        "currency": "DKK",
        "currency_name": "Danish krone",
        "currency_symbol": "Kr.",
        "region": "Europe",
        "subregion": "Northern Europe",
        "emoji": "🇩🇰"
    },
    {
        "name": "Djibouti",
        "country_id_long": "DJI",
        "country_id": "DJ",
        "phone_code": "253",
        "capital": "Djibouti",
        "currency": "DJF",
        "currency_name": "Djiboutian franc",
        "currency_symbol": "Fdj",
        "region": "Africa",
        "subregion": "Eastern Africa",
        "emoji": "🇩🇯"
    },
    {
        "name": "Dominica",
        "country_id_long": "DMA",
        "country_id": "DM",
        "phone_code": "1767",
        "capital": "Roseau",
        "currency": "XCD",
        "currency_name": "Eastern Caribbean dollar",
        "currency_symbol": "$",
        "region": "Americas",
        "subregion": "Caribbean",
        "emoji": "🇩🇲"
    },
    {
        "name": "Dominican Republic",
        "country_id_long": "DOM",
        "country_id": "DO",
        "phone_code": "18091829",
        "capital": "Santo Domingo",
        "currency": "DOP",
        "currency_name": "Dominican peso",
        "currency_symbol": "$",
        "region": "Americas",
        "subregion": "Caribbean",
        "emoji": "🇩🇴"
    },
    {
        "name": "East Timor",
        "country_id_long": "TLS",
        "country_id": "TL",
        "phone_code": "670",
        "capital": "Dili",
        "currency": "USD",
        "currency_name": "United States dollar",
        "currency_symbol": "$",
        "region": "Asia",
        "subregion": "South-Eastern Asia",
        "emoji": "🇹🇱"
    },
    {
        "name": "Ecuador",
        "country_id_long": "ECU",
        "country_id": "EC",
        "phone_code": "593",
        "capital": "Quito",
        "currency": "USD",
        "currency_name": "United States dollar",
        "currency_symbol": "$",
        "region": "Americas",
        "subregion": "South America",
        "emoji": "🇪🇨"
    },
    {
        "name": "Egypt",
        "country_id_long": "EGY",
        "country_id": "EG",
        "phone_code": "20",
        "capital": "Cairo",
        "currency": "EGP",
        "currency_name": "Egyptian pound",
        "currency_symbol": "ج.م",
        "region": "Africa",
        "subregion": "Northern Africa",
        "emoji": "🇪🇬"
    },
    {
        "name": "El Salvador",
        "country_id_long": "SLV",
        "country_id": "SV",
        "phone_code": "503",
        "capital": "San Salvador",
        "currency": "USD",
        "currency_name": "United States dollar",
        "currency_symbol": "$",
        "region": "Americas",
        "subregion": "Central America",
        "emoji": "🇸🇻"
    },
    {
        "name": "Equatorial Guinea",
        "country_id_long": "GNQ",
        "country_id": "GQ",
        "phone_code": "240",
        "capital": "Malabo",
        "currency": "XAF",
        "currency_name": "Central African CFA franc",
        "currency_symbol": "FCFA",
        "region": "Africa",
        "subregion": "Middle Africa",
        "emoji": "🇬🇶"
    },
    {
        "name": "Eritrea",
        "country_id_long": "ERI",
        "country_id": "ER",
        "phone_code": "291",
        "capital": "Asmara",
        "currency": "ERN",
        "currency_name": "Eritrean nakfa",
        "currency_symbol": "Nfk",
        "region": "Africa",
        "subregion": "Eastern Africa",
        "emoji": "🇪🇷"
    },
    {
        "name": "Estonia",
        "country_id_long": "EST",
        "country_id": "EE",
        "phone_code": "372",
        "capital": "Tallinn",
        "currency": "EUR",
        "currency_name": "Euro",
        "currency_symbol": "€",
        "region": "Europe",
        "subregion": "Northern Europe",
        "emoji": "🇪🇪"
    },
    {
        "name": "Ethiopia",
        "country_id_long": "ETH",
        "country_id": "ET",
        "phone_code": "251",
        "capital": "Addis Ababa",
        "currency": "ETB",
        "currency_name": "Ethiopian birr",
        "currency_symbol": "Nkf",
        "region": "Africa",
        "subregion": "Eastern Africa",
        "emoji": "🇪🇹"
    },
    {
        "name": "Falkland Islands",
        "country_id_long": "FLK",
        "country_id": "FK",
        "phone_code": "500",
        "capital": "Stanley",
        "currency": "FKP",
        "currency_name": "Falkland Islands pound",
        "currency_symbol": "£",
        "region": "Americas",
        "subregion": "South America",
        "emoji": "🇫🇰"
    },
    {
        "name": "Faroe Islands",
        "country_id_long": "FRO",
        "country_id": "FO",
        "phone_code": "298",
        "capital": "Torshavn",
        "currency": "DKK",
        "currency_name": "Danish krone",
        "currency_symbol": "Kr.",
        "region": "Europe",
        "subregion": "Northern Europe",
        "emoji": "🇫🇴"
    },
    {
        "name": "Fiji Islands",
        "country_id_long": "FJI",
        "country_id": "FJ",
        "phone_code": "679",
        "capital": "Suva",
        "currency": "FJD",
        "currency_name": "Fijian dollar",
        "currency_symbol": "FJ$",
        "region": "Oceania",
        "subregion": "Melanesia",
        "emoji": "🇫🇯"
    },
    {
        "name": "Finland",
        "country_id_long": "FIN",
        "country_id": "FI",
        "phone_code": "358",
        "capital": "Helsinki",
        "currency": "EUR",
        "currency_name": "Euro",
        "currency_symbol": "€",
        "region": "Europe",
        "subregion": "Northern Europe",
        "emoji": "🇫🇮"
    },
    {
        "name": "France",
        "country_id_long": "FRA",
        "country_id": "FR",
        "phone_code": "33",
        "capital": "Paris",
        "currency": "EUR",
        "currency_name": "Euro",
        "currency_symbol": "€",
        "region": "Europe",
        "subregion": "Western Europe",
        "emoji": "🇫🇷"
    },
    {
        "name": "French Guiana",
        "country_id_long": "GUF",
        "country_id": "GF",
        "phone_code": "594",
        "capital": "Cayenne",
        "currency": "EUR",
        "currency_name": "Euro",
        "currency_symbol": "€",
        "region": "Americas",
        "subregion": "South America",
        "emoji": "🇬🇫"
    },
    {
        "name": "French Polynesia",
        "country_id_long": "PYF",
        "country_id": "PF",
        "phone_code": "689",
        "capital": "Papeete",
        "currency": "XPF",
        "currency_name": "CFP franc",
        "currency_symbol": "₣",
        "region": "Oceania",
        "subregion": "Polynesia",
        "emoji": "🇵🇫"
    },
    {
        "name": "French Southern Territories",
        "country_id_long": "ATF",
        "country_id": "TF",
        "phone_code": "262",
        "capital": "Port-aux-Francais",
        "currency": "EUR",
        "currency_name": "Euro",
        "currency_symbol": "€",
        "region": "Africa",
        "subregion": "Southern Africa",
        "emoji": "🇹🇫"
    },
    {
        "name": "Gabon",
        "country_id_long": "GAB",
        "country_id": "GA",
        "phone_code": "241",
        "capital": "Libreville",
        "currency": "XAF",
        "currency_name": "Central African CFA franc",
        "currency_symbol": "FCFA",
        "region": "Africa",
        "subregion": "Middle Africa",
        "emoji": "🇬🇦"
    },
    {
        "name": "Gambia The",
        "country_id_long": "GMB",
        "country_id": "GM",
        "phone_code": "220",
        "capital": "Banjul",
        "currency": "GMD",
        "currency_name": "Gambian dalasi",
        "currency_symbol": "D",
        "region": "Africa",
        "subregion": "Western Africa",
        "emoji": "🇬🇲"
    },
    {
        "name": "Georgia",
        "country_id_long": "GEO",
        "country_id": "GE",
        "phone_code": "995",
        "capital": "Tbilisi",
        "currency": "GEL",
        "currency_name": "Georgian lari",
        "currency_symbol": "ლ",
        "region": "Asia",
        "subregion": "Western Asia",
        "emoji": "🇬🇪"
    },
    {
        "name": "Germany",
        "country_id_long": "DEU",
        "country_id": "DE",
        "phone_code": "49",
        "capital": "Berlin",
        "currency": "EUR",
        "currency_name": "Euro",
        "currency_symbol": "€",
        "region": "Europe",
        "subregion": "Western Europe",
        "emoji": "🇩🇪"
    },
    {
        "name": "Ghana",
        "country_id_long": "GHA",
        "country_id": "GH",
        "phone_code": "233",
        "capital": "Accra",
        "currency": "GHS",
        "currency_name": "Ghanaian cedi",
        "currency_symbol": "GH₵",
        "region": "Africa",
        "subregion": "Western Africa",
        "emoji": "🇬🇭"
    },
    {
        "name": "Gibraltar",
        "country_id_long": "GIB",
        "country_id": "GI",
        "phone_code": "350",
        "capital": "Gibraltar",
        "currency": "GIP",
        "currency_name": "Gibraltar pound",
        "currency_symbol": "£",
        "region": "Europe",
        "subregion": "Southern Europe",
        "emoji": "🇬🇮"
    },
    {
        "name": "Greece",
        "country_id_long": "GRC",
        "country_id": "GR",
        "phone_code": "30",
        "capital": "Athens",
        "currency": "EUR",
        "currency_name": "Euro",
        "currency_symbol": "€",
        "region": "Europe",
        "subregion": "Southern Europe",
        "emoji": "🇬🇷"
    },
    {
        "name": "Greenland",
        "country_id_long": "GRL",
        "country_id": "GL",
        "phone_code": "299",
        "capital": "Nuuk",
        "currency": "DKK",
        "currency_name": "Danish krone",
        "currency_symbol": "Kr.",
        "region": "Americas",
        "subregion": "Northern America",
        "emoji": "🇬🇱"
    },
    {
        "name": "Grenada",
        "country_id_long": "GRD",
        "country_id": "GD",
        "phone_code": "1473",
        "capital": "St. George's",
        "currency": "XCD",
        "currency_name": "Eastern Caribbean dollar",
        "currency_symbol": "$",
        "region": "Americas",
        "subregion": "Caribbean",
        "emoji": "🇬🇩"
    },
    {
        "name": "Guadeloupe",
        "country_id_long": "GLP",
        "country_id": "GP",
        "phone_code": "590",
        "capital": "Basse-Terre",
        "currency": "EUR",
        "currency_name": "Euro",
        "currency_symbol": "€",
        "region": "Americas",
        "subregion": "Caribbean",
        "emoji": "🇬🇵"
    },
    {
        "name": "Guam",
        "country_id_long": "GUM",
        "country_id": "GU",
        "phone_code": "1671",
        "capital": "Hagatna",
        "currency": "USD",
        "currency_name": "US Dollar",
        "currency_symbol": "$",
        "region": "Oceania",
        "subregion": "Micronesia",
        "emoji": "🇬🇺"
    },
    {
        "name": "Guatemala",
        "country_id_long": "GTM",
        "country_id": "GT",
        "phone_code": "502",
        "capital": "Guatemala City",
        "currency": "GTQ",
        "currency_name": "Guatemalan quetzal",
        "currency_symbol": "Q",
        "region": "Americas",
        "subregion": "Central America",
        "emoji": "🇬🇹"
    },
    {
        "name": "Guernsey and Alderney",
        "country_id_long": "GGY",
        "country_id": "GG",
        "phone_code": "441481",
        "capital": "St Peter Port",
        "currency": "GBP",
        "currency_name": "British pound",
        "currency_symbol": "£",
        "region": "Europe",
        "subregion": "Northern Europe",
        "emoji": "🇬🇬"
    },
    {
        "name": "Guinea",
        "country_id_long": "GIN",
        "country_id": "GN",
        "phone_code": "224",
        "capital": "Conakry",
        "currency": "GNF",
        "currency_name": "Guinean franc",
        "currency_symbol": "FG",
        "region": "Africa",
        "subregion": "Western Africa",
        "emoji": "🇬🇳"
    },
    {
        "name": "Guinea-Bissau",
        "country_id_long": "GNB",
        "country_id": "GW",
        "phone_code": "245",
        "capital": "Bissau",
        "currency": "XOF",
        "currency_name": "West African CFA franc",
        "currency_symbol": "CFA",
        "region": "Africa",
        "subregion": "Western Africa",
        "emoji": "🇬🇼"
    },
    {
        "name": "Guyana",
        "country_id_long": "GUY",
        "country_id": "GY",
        "phone_code": "592",
        "capital": "Georgetown",
        "currency": "GYD",
        "currency_name": "Guyanese dollar",
        "currency_symbol": "$",
        "region": "Americas",
        "subregion": "South America",
        "emoji": "🇬🇾"
    },
    {
        "name": "Haiti",
        "country_id_long": "HTI",
        "country_id": "HT",
        "phone_code": "509",
        "capital": "Port-au-Prince",
        "currency": "HTG",
        "currency_name": "Haitian gourde",
        "currency_symbol": "G",
        "region": "Americas",
        "subregion": "Caribbean",
        "emoji": "🇭🇹"
    },
    {
        "name": "Heard Island and McDonald Islands",
        "country_id_long": "HMD",
        "country_id": "HM",
        "phone_code": "672",
        "capital": "",
        "currency": "AUD",
        "currency_name": "Australian dollar",
        "currency_symbol": "$",
        "region": "",
        "subregion": "",
        "emoji": "🇭🇲"
    },
    {
        "name": "Honduras",
        "country_id_long": "HND",
        "country_id": "HN",
        "phone_code": "504",
        "capital": "Tegucigalpa",
        "currency": "HNL",
        "currency_name": "Honduran lempira",
        "currency_symbol": "L",
        "region": "Americas",
        "subregion": "Central America",
        "emoji": "🇭🇳"
    },
    {
        "name": "Hong Kong S.A.R.",
        "country_id_long": "HKG",
        "country_id": "HK",
        "phone_code": "852",
        "capital": "Hong Kong",
        "currency": "HKD",
        "currency_name": "Hong Kong dollar",
        "currency_symbol": "$",
        "region": "Asia",
        "subregion": "Eastern Asia",
        "emoji": "🇭🇰"
    },
    {
        "name": "Hungary",
        "country_id_long": "HUN",
        "country_id": "HU",
        "phone_code": "36",
        "capital": "Budapest",
        "currency": "HUF",
        "currency_name": "Hungarian forint",
        "currency_symbol": "Ft",
        "region": "Europe",
        "subregion": "Eastern Europe",
        "emoji": "🇭🇺"
    },
    {
        "name": "Iceland",
        "country_id_long": "ISL",
        "country_id": "IS",
        "phone_code": "354",
        "capital": "Reykjavik",
        "currency": "ISK",
        "currency_name": "Icelandic króna",
        "currency_symbol": "kr",
        "region": "Europe",
        "subregion": "Northern Europe",
        "emoji": "🇮🇸"
    },
    {
        "name": "India",
        "country_id_long": "IND",
        "country_id": "IN",
        "phone_code": "91",
        "capital": "New Delhi",
        "currency": "INR",
        "currency_name": "Indian rupee",
        "currency_symbol": "₹",
        "region": "Asia",
        "subregion": "Southern Asia",
        "emoji": "🇮🇳"
    },
    {
        "name": "Indonesia",
        "country_id_long": "IDN",
        "country_id": "ID",
        "phone_code": "62",
        "capital": "Jakarta",
        "currency": "IDR",
        "currency_name": "Indonesian rupiah",
        "currency_symbol": "Rp",
        "region": "Asia",
        "subregion": "South-Eastern Asia",
        "emoji": "🇮🇩"
    },
    {
        "name": "Iran",
        "country_id_long": "IRN",
        "country_id": "IR",
        "phone_code": "98",
        "capital": "Tehran",
        "currency": "IRR",
        "currency_name": "Iranian rial",
        "currency_symbol": "﷼",
        "region": "Asia",
        "subregion": "Southern Asia",
        "emoji": "🇮🇷"
    },
    {
        "name": "Iraq",
        "country_id_long": "IRQ",
        "country_id": "IQ",
        "phone_code": "964",
        "capital": "Baghdad",
        "currency": "IQD",
        "currency_name": "Iraqi dinar",
        "currency_symbol": "د.ع",
        "region": "Asia",
        "subregion": "Western Asia",
        "emoji": "🇮🇶"
    },
    {
        "name": "Ireland",
        "country_id_long": "IRL",
        "country_id": "IE",
        "phone_code": "353",
        "capital": "Dublin",
        "currency": "EUR",
        "currency_name": "Euro",
        "currency_symbol": "€",
        "region": "Europe",
        "subregion": "Northern Europe",
        "emoji": "🇮🇪"
    },
    {
        "name": "Israel",
        "country_id_long": "ISR",
        "country_id": "IL",
        "phone_code": "972",
        "capital": "Jerusalem",
        "currency": "ILS",
        "currency_name": "Israeli new shekel",
        "currency_symbol": "₪",
        "region": "Asia",
        "subregion": "Western Asia",
        "emoji": "🇮🇱"
    },
    {
        "name": "Italy",
        "country_id_long": "ITA",
        "country_id": "IT",
        "phone_code": "39",
        "capital": "Rome",
        "currency": "EUR",
        "currency_name": "Euro",
        "currency_symbol": "€",
        "region": "Europe",
        "subregion": "Southern Europe",
        "emoji": "🇮🇹"
    },
    {
        "name": "Jamaica",
        "country_id_long": "JAM",
        "country_id": "JM",
        "phone_code": "1876",
        "capital": "Kingston",
        "currency": "JMD",
        "currency_name": "Jamaican dollar",
        "currency_symbol": "J$",
        "region": "Americas",
        "subregion": "Caribbean",
        "emoji": "🇯🇲"
    },
    {
        "name": "Japan",
        "country_id_long": "JPN",
        "country_id": "JP",
        "phone_code": "81",
        "capital": "Tokyo",
        "currency": "JPY",
        "currency_name": "Japanese yen",
        "currency_symbol": "¥",
        "region": "Asia",
        "subregion": "Eastern Asia",
        "emoji": "🇯🇵"
    },
    {
        "name": "Jersey",
        "country_id_long": "JEY",
        "country_id": "JE",
        "phone_code": "441534",
        "capital": "Saint Helier",
        "currency": "GBP",
        "currency_name": "British pound",
        "currency_symbol": "£",
        "region": "Europe",
        "subregion": "Northern Europe",
        "emoji": "🇯🇪"
    },
    {
        "name": "Jordan",
        "country_id_long": "JOR",
        "country_id": "JO",
        "phone_code": "962",
        "capital": "Amman",
        "currency": "JOD",
        "currency_name": "Jordanian dinar",
        "currency_symbol": "ا.د",
        "region": "Asia",
        "subregion": "Western Asia",
        "emoji": "🇯🇴"
    },
    {
        "name": "Kazakhstan",
        "country_id_long": "KAZ",
        "country_id": "KZ",
        "phone_code": "7",
        "capital": "Astana",
        "currency": "KZT",
        "currency_name": "Kazakhstani tenge",
        "currency_symbol": "лв",
        "region": "Asia",
        "subregion": "Central Asia",
        "emoji": "🇰🇿"
    },
    {
        "name": "Kenya",
        "country_id_long": "KEN",
        "country_id": "KE",
        "phone_code": "254",
        "capital": "Nairobi",
        "currency": "KES",
        "currency_name": "Kenyan shilling",
        "currency_symbol": "KSh",
        "region": "Africa",
        "subregion": "Eastern Africa",
        "emoji": "🇰🇪"
    },
    {
        "name": "Kiribati",
        "country_id_long": "KIR",
        "country_id": "KI",
        "phone_code": "686",
        "capital": "Tarawa",
        "currency": "AUD",
        "currency_name": "Australian dollar",
        "currency_symbol": "$",
        "region": "Oceania",
        "subregion": "Micronesia",
        "emoji": "🇰🇮"
    },
    {
        "name": "Kosovo",
        "country_id_long": "XKX",
        "country_id": "XK",
        "phone_code": "383",
        "capital": "Pristina",
        "currency": "EUR",
        "currency_name": "Euro",
        "currency_symbol": "€",
        "region": "Europe",
        "subregion": "Eastern Europe",
        "emoji": "🇽🇰"
    },
    {
        "name": "Kuwait",
        "country_id_long": "KWT",
        "country_id": "KW",
        "phone_code": "965",
        "capital": "Kuwait City",
        "currency": "KWD",
        "currency_name": "Kuwaiti dinar",
        "currency_symbol": "ك.د",
        "region": "Asia",
        "subregion": "Western Asia",
        "emoji": "🇰🇼"
    },
    {
        "name": "Kyrgyzstan",
        "country_id_long": "KGZ",
        "country_id": "KG",
        "phone_code": "996",
        "capital": "Bishkek",
        "currency": "KGS",
        "currency_name": "Kyrgyzstani som",
        "currency_symbol": "лв",
        "region": "Asia",
        "subregion": "Central Asia",
        "emoji": "🇰🇬"
    },
    {
        "name": "Laos",
        "country_id_long": "LAO",
        "country_id": "LA",
        "phone_code": "856",
        "capital": "Vientiane",
        "currency": "LAK",
        "currency_name": "Lao kip",
        "currency_symbol": "₭",
        "region": "Asia",
        "subregion": "South-Eastern Asia",
        "emoji": "🇱🇦"
    },
    {
        "name": "Latvia",
        "country_id_long": "LVA",
        "country_id": "LV",
        "phone_code": "371",
        "capital": "Riga",
        "currency": "EUR",
        "currency_name": "Euro",
        "currency_symbol": "€",
        "region": "Europe",
        "subregion": "Northern Europe",
        "emoji": "🇱🇻"
    },
    {
        "name": "Lebanon",
        "country_id_long": "LBN",
        "country_id": "LB",
        "phone_code": "961",
        "capital": "Beirut",
        "currency": "LBP",
        "currency_name": "Lebanese pound",
        "currency_symbol": "£",
        "region": "Asia",
        "subregion": "Western Asia",
        "emoji": "🇱🇧"
    },
    {
        "name": "Lesotho",
        "country_id_long": "LSO",
        "country_id": "LS",
        "phone_code": "266",
        "capital": "Maseru",
        "currency": "LSL",
        "currency_name": "Lesotho loti",
        "currency_symbol": "L",
        "region": "Africa",
        "subregion": "Southern Africa",
        "emoji": "🇱🇸"
    },
    {
        "name": "Liberia",
        "country_id_long": "LBR",
        "country_id": "LR",
        "phone_code": "231",
        "capital": "Monrovia",
        "currency": "LRD",
        "currency_name": "Liberian dollar",
        "currency_symbol": "$",
        "region": "Africa",
        "subregion": "Western Africa",
        "emoji": "🇱🇷"
    },
    {
        "name": "Libya",
        "country_id_long": "LBY",
        "country_id": "LY",
        "phone_code": "218",
        "capital": "Tripolis",
        "currency": "LYD",
        "currency_name": "Libyan dinar",
        "currency_symbol": "د.ل",
        "region": "Africa",
        "subregion": "Northern Africa",
        "emoji": "🇱🇾"
    },
    {
        "name": "Liechtenstein",
        "country_id_long": "LIE",
        "country_id": "LI",
        "phone_code": "423",
        "capital": "Vaduz",
        "currency": "CHF",
        "currency_name": "Swiss franc",
        "currency_symbol": "CHf",
        "region": "Europe",
        "subregion": "Western Europe",
        "emoji": "🇱🇮"
    },
    {
        "name": "Lithuania",
        "country_id_long": "LTU",
        "country_id": "LT",
        "phone_code": "370",
        "capital": "Vilnius",
        "currency": "EUR",
        "currency_name": "Euro",
        "currency_symbol": "€",
        "region": "Europe",
        "subregion": "Northern Europe",
        "emoji": "🇱🇹"
    },
    {
        "name": "Luxembourg",
        "country_id_long": "LUX",
        "country_id": "LU",
        "phone_code": "352",
        "capital": "Luxembourg",
        "currency": "EUR",
        "currency_name": "Euro",
        "currency_symbol": "€",
        "region": "Europe",
        "subregion": "Western Europe",
        "emoji": "🇱🇺"
    },
    {
        "name": "Macau S.A.R.",
        "country_id_long": "MAC",
        "country_id": "MO",
        "phone_code": "853",
        "capital": "Macao",
        "currency": "MOP",
        "currency_name": "Macanese pataca",
        "currency_symbol": "$",
        "region": "Asia",
        "subregion": "Eastern Asia",
        "emoji": "🇲🇴"
    },
    {
        "name": "Madagascar",
        "country_id_long": "MDG",
        "country_id": "MG",
        "phone_code": "261",
        "capital": "Antananarivo",
        "currency": "MGA",
        "currency_name": "Malagasy ariary",
        "currency_symbol": "Ar",
        "region": "Africa",
        "subregion": "Eastern Africa",
        "emoji": "🇲🇬"
    },
    {
        "name": "Malawi",
        "country_id_long": "MWI",
        "country_id": "MW",
        "phone_code": "265",
        "capital": "Lilongwe",
        "currency": "MWK",
        "currency_name": "Malawian kwacha",
        "currency_symbol": "MK",
        "region": "Africa",
        "subregion": "Eastern Africa",
        "emoji": "🇲🇼"
    },
    {
        "name": "Malaysia",
        "country_id_long": "MYS",
        "country_id": "MY",
        "phone_code": "60",
        "capital": "Kuala Lumpur",
        "currency": "MYR",
        "currency_name": "Malaysian ringgit",
        "currency_symbol": "RM",
        "region": "Asia",
        "subregion": "South-Eastern Asia",
        "emoji": "🇲🇾"
    },
    {
        "name": "Maldives",
        "country_id_long": "MDV",
        "country_id": "MV",
        "phone_code": "960",
        "capital": "Male",
        "currency": "MVR",
        "currency_name": "Maldivian rufiyaa",
        "currency_symbol": "Rf",
        "region": "Asia",
        "subregion": "Southern Asia",
        "emoji": "🇲🇻"
    },
    {
        "name": "Mali",
        "country_id_long": "MLI",
        "country_id": "ML",
        "phone_code": "223",
        "capital": "Bamako",
        "currency": "XOF",
        "currency_name": "West African CFA franc",
        "currency_symbol": "CFA",
        "region": "Africa",
        "subregion": "Western Africa",
        "emoji": "🇲🇱"
    },
    {
        "name": "Malta",
        "country_id_long": "MLT",
        "country_id": "MT",
        "phone_code": "356",
        "capital": "Valletta",
        "currency": "EUR",
        "currency_name": "Euro",
        "currency_symbol": "€",
        "region": "Europe",
        "subregion": "Southern Europe",
        "emoji": "🇲🇹"
    },
    {
        "name": "Man (Isle of)",
        "country_id_long": "IMN",
        "country_id": "IM",
        "phone_code": "441624",
        "capital": "Douglas, Isle of Man",
        "currency": "GBP",
        "currency_name": "British pound",
        "currency_symbol": "£",
        "region": "Europe",
        "subregion": "Northern Europe",
        "emoji": "🇮🇲"
    },
    {
        "name": "Marshall Islands",
        "country_id_long": "MHL",
        "country_id": "MH",
        "phone_code": "692",
        "capital": "Majuro",
        "currency": "USD",
        "currency_name": "United States dollar",
        "currency_symbol": "$",
        "region": "Oceania",
        "subregion": "Micronesia",
        "emoji": "🇲🇭"
    },
    {
        "name": "Martinique",
        "country_id_long": "MTQ",
        "country_id": "MQ",
        "phone_code": "596",
        "capital": "Fort-de-France",
        "currency": "EUR",
        "currency_name": "Euro",
        "currency_symbol": "€",
        "region": "Americas",
        "subregion": "Caribbean",
        "emoji": "🇲🇶"
    },
    {
        "name": "Mauritania",
        "country_id_long": "MRT",
        "country_id": "MR",
        "phone_code": "222",
        "capital": "Nouakchott",
        "currency": "MRO",
        "currency_name": "Mauritanian ouguiya",
        "currency_symbol": "MRU",
        "region": "Africa",
        "subregion": "Western Africa",
        "emoji": "🇲🇷"
    },
    {
        "name": "Mauritius",
        "country_id_long": "MUS",
        "country_id": "MU",
        "phone_code": "230",
        "capital": "Port Louis",
        "currency": "MUR",
        "currency_name": "Mauritian rupee",
        "currency_symbol": "₨",
        "region": "Africa",
        "subregion": "Eastern Africa",
        "emoji": "🇲🇺"
    },
    {
        "name": "Mayotte",
        "country_id_long": "MYT",
        "country_id": "YT",
        "phone_code": "262",
        "capital": "Mamoudzou",
        "currency": "EUR",
        "currency_name": "Euro",
        "currency_symbol": "€",
        "region": "Africa",
        "subregion": "Eastern Africa",
        "emoji": "🇾🇹"
    },
    {
        "name": "Mexico",
        "country_id_long": "MEX",
        "country_id": "MX",
        "phone_code": "52",
        "capital": "Ciudad de México",
        "currency": "MXN",
        "currency_name": "Mexican peso",
        "currency_symbol": "$",
        "region": "Americas",
        "subregion": "Central America",
        "emoji": "🇲🇽"
    },
    {
        "name": "Micronesia",
        "country_id_long": "FSM",
        "country_id": "FM",
        "phone_code": "691",
        "capital": "Palikir",
        "currency": "USD",
        "currency_name": "United States dollar",
        "currency_symbol": "$",
        "region": "Oceania",
        "subregion": "Micronesia",
        "emoji": "🇫🇲"
    },
    {
        "name": "Moldova",
        "country_id_long": "MDA",
        "country_id": "MD",
        "phone_code": "373",
        "capital": "Chisinau",
        "currency": "MDL",
        "currency_name": "Moldovan leu",
        "currency_symbol": "L",
        "region": "Europe",
        "subregion": "Eastern Europe",
        "emoji": "🇲🇩"
    },
    {
        "name": "Monaco",
        "country_id_long": "MCO",
        "country_id": "MC",
        "phone_code": "377",
        "capital": "Monaco",
        "currency": "EUR",
        "currency_name": "Euro",
        "currency_symbol": "€",
        "region": "Europe",
        "subregion": "Western Europe",
        "emoji": "🇲🇨"
    },
    {
        "name": "Mongolia",
        "country_id_long": "MNG",
        "country_id": "MN",
        "phone_code": "976",
        "capital": "Ulan Bator",
        "currency": "MNT",
        "currency_name": "Mongolian tögrög",
        "currency_symbol": "₮",
        "region": "Asia",
        "subregion": "Eastern Asia",
        "emoji": "🇲🇳"
    },
    {
        "name": "Montenegro",
        "country_id_long": "MNE",
        "country_id": "ME",
        "phone_code": "382",
        "capital": "Podgorica",
        "currency": "EUR",
        "currency_name": "Euro",
        "currency_symbol": "€",
        "region": "Europe",
        "subregion": "Southern Europe",
        "emoji": "🇲🇪"
    },
    {
        "name": "Montserrat",
        "country_id_long": "MSR",
        "country_id": "MS",
        "phone_code": "1664",
        "capital": "Plymouth",
        "currency": "XCD",
        "currency_name": "Eastern Caribbean dollar",
        "currency_symbol": "$",
        "region": "Americas",
        "subregion": "Caribbean",
        "emoji": "🇲🇸"
    },
    {
        "name": "Morocco",
        "country_id_long": "MAR",
        "country_id": "MA",
        "phone_code": "212",
        "capital": "Rabat",
        "currency": "MAD",
        "currency_name": "Moroccan dirham",
        "currency_symbol": "DH",
        "region": "Africa",
        "subregion": "Northern Africa",
        "emoji": "🇲🇦"
    },
    {
        "name": "Mozambique",
        "country_id_long": "MOZ",
        "country_id": "MZ",
        "phone_code": "258",
        "capital": "Maputo",
        "currency": "MZN",
        "currency_name": "Mozambican metical",
        "currency_symbol": "MT",
        "region": "Africa",
        "subregion": "Eastern Africa",
        "emoji": "🇲🇿"
    },
    {
        "name": "Myanmar",
        "country_id_long": "MMR",
        "country_id": "MM",
        "phone_code": "95",
        "capital": "Nay Pyi Taw",
        "currency": "MMK",
        "currency_name": "Burmese kyat",
        "currency_symbol": "K",
        "region": "Asia",
        "subregion": "South-Eastern Asia",
        "emoji": "🇲🇲"
    },
    {
        "name": "Namibia",
        "country_id_long": "NAM",
        "country_id": "NA",
        "phone_code": "264",
        "capital": "Windhoek",
        "currency": "NAD",
        "currency_name": "Namibian dollar",
        "currency_symbol": "$",
        "region": "Africa",
        "subregion": "Southern Africa",
        "emoji": "🇳🇦"
    },
    {
        "name": "Nauru",
        "country_id_long": "NRU",
        "country_id": "NR",
        "phone_code": "674",
        "capital": "Yaren",
        "currency": "AUD",
        "currency_name": "Australian dollar",
        "currency_symbol": "$",
        "region": "Oceania",
        "subregion": "Micronesia",
        "emoji": "🇳🇷"
    },
    {
        "name": "Nepal",
        "country_id_long": "NPL",
        "country_id": "NP",
        "phone_code": "977",
        "capital": "Kathmandu",
        "currency": "NPR",
        "currency_name": "Nepalese rupee",
        "currency_symbol": "₨",
        "region": "Asia",
        "subregion": "Southern Asia",
        "emoji": "🇳🇵"
    },
    {
        "name": "Netherlands",
        "country_id_long": "NLD",
        "country_id": "NL",
        "phone_code": "31",
        "capital": "Amsterdam",
        "currency": "EUR",
        "currency_name": "Euro",
        "currency_symbol": "€",
        "region": "Europe",
        "subregion": "Western Europe",
        "emoji": "🇳🇱"
    },
    {
        "name": "New Caledonia",
        "country_id_long": "NCL",
        "country_id": "NC",
        "phone_code": "687",
        "capital": "Noumea",
        "currency": "XPF",
        "currency_name": "CFP franc",
        "currency_symbol": "₣",
        "region": "Oceania",
        "subregion": "Melanesia",
        "emoji": "🇳🇨"
    },
    {
        "name": "New Zealand",
        "country_id_long": "NZL",
        "country_id": "NZ",
        "phone_code": "64",
        "capital": "Wellington",
        "currency": "NZD",
        "currency_name": "New Zealand dollar",
        "currency_symbol": "$",
        "region": "Oceania",
        "subregion": "Australia and New Zealand",
        "emoji": "🇳🇿"
    },
    {
        "name": "Nicaragua",
        "country_id_long": "NIC",
        "country_id": "NI",
        "phone_code": "505",
        "capital": "Managua",
        "currency": "NIO",
        "currency_name": "Nicaraguan córdoba",
        "currency_symbol": "C$",
        "region": "Americas",
        "subregion": "Central America",
        "emoji": "🇳🇮"
    },
    {
        "name": "Niger",
        "country_id_long": "NER",
        "country_id": "NE",
        "phone_code": "227",
        "capital": "Niamey",
        "currency": "XOF",
        "currency_name": "West African CFA franc",
        "currency_symbol": "CFA",
        "region": "Africa",
        "subregion": "Western Africa",
        "emoji": "🇳🇪"
    },
    {
        "name": "Nigeria",
        "country_id_long": "NGA",
        "country_id": "NG",
        "phone_code": "234",
        "capital": "Abuja",
        "currency": "NGN",
        "currency_name": "Nigerian naira",
        "currency_symbol": "₦",
        "region": "Africa",
        "subregion": "Western Africa",
        "emoji": "🇳🇬"
    },
    {
        "name": "Niue",
        "country_id_long": "NIU",
        "country_id": "NU",
        "phone_code": "683",
        "capital": "Alofi",
        "currency": "NZD",
        "currency_name": "New Zealand dollar",
        "currency_symbol": "$",
        "region": "Oceania",
        "subregion": "Polynesia",
        "emoji": "🇳🇺"
    },
    {
        "name": "Norfolk Island",
        "country_id_long": "NFK",
        "country_id": "NF",
        "phone_code": "672",
        "capital": "Kingston",
        "currency": "AUD",
        "currency_name": "Australian dollar",
        "currency_symbol": "$",
        "region": "Oceania",
        "subregion": "Australia and New Zealand",
        "emoji": "🇳🇫"
    },
    {
        "name": "North Korea",
        "country_id_long": "PRK",
        "country_id": "KP",
        "phone_code": "850",
        "capital": "Pyongyang",
        "currency": "KPW",
        "currency_name": "North Korean Won",
        "currency_symbol": "₩",
        "region": "Asia",
        "subregion": "Eastern Asia",
        "emoji": "🇰🇵"
    },
    {
        "name": "North Macedonia",
        "country_id_long": "MKD",
        "country_id": "MK",
        "phone_code": "389",
        "capital": "Skopje",
        "currency": "MKD",
        "currency_name": "Denar",
        "currency_symbol": "ден",
        "region": "Europe",
        "subregion": "Southern Europe",
        "emoji": "🇲🇰"
    },
    {
        "name": "Northern Mariana Islands",
        "country_id_long": "MNP",
        "country_id": "MP",
        "phone_code": "1670",
        "capital": "Saipan",
        "currency": "USD",
        "currency_name": "United States dollar",
        "currency_symbol": "$",
        "region": "Oceania",
        "subregion": "Micronesia",
        "emoji": "🇲🇵"
    },
    {
        "name": "Norway",
        "country_id_long": "NOR",
        "country_id": "NO",
        "phone_code": "47",
        "capital": "Oslo",
        "currency": "NOK",
        "currency_name": "Norwegian krone",
        "currency_symbol": "kr",
        "region": "Europe",
        "subregion": "Northern Europe",
        "emoji": "🇳🇴"
    },
    {
        "name": "Oman",
        "country_id_long": "OMN",
        "country_id": "OM",
        "phone_code": "968",
        "capital": "Muscat",
        "currency": "OMR",
        "currency_name": "Omani rial",
        "currency_symbol": ".ع.ر",
        "region": "Asia",
        "subregion": "Western Asia",
        "emoji": "🇴🇲"
    },
    {
        "name": "Pakistan",
        "country_id_long": "PAK",
        "country_id": "PK",
        "phone_code": "92",
        "capital": "Islamabad",
        "currency": "PKR",
        "currency_name": "Pakistani rupee",
        "currency_symbol": "₨",
        "region": "Asia",
        "subregion": "Southern Asia",
        "emoji": "🇵🇰"
    },
    {
        "name": "Palau",
        "country_id_long": "PLW",
        "country_id": "PW",
        "phone_code": "680",
        "capital": "Melekeok",
        "currency": "USD",
        "currency_name": "United States dollar",
        "currency_symbol": "$",
        "region": "Oceania",
        "subregion": "Micronesia",
        "emoji": "🇵🇼"
    },
    {
        "name": "Palestinian Territory Occupied",
        "country_id_long": "PSE",
        "country_id": "PS",
        "phone_code": "970",
        "capital": "East Jerusalem",
        "currency": "ILS",
        "currency_name": "Israeli new shekel",
        "currency_symbol": "₪",
        "region": "Asia",
        "subregion": "Western Asia",
        "emoji": "🇵🇸"
    },
    {
        "name": "Panama",
        "country_id_long": "PAN",
        "country_id": "PA",
        "phone_code": "507",
        "capital": "Panama City",
        "currency": "PAB",
        "currency_name": "Panamanian balboa",
        "currency_symbol": "B/.",
        "region": "Americas",
        "subregion": "Central America",
        "emoji": "🇵🇦"
    },
    {
        "name": "Papua new Guinea",
        "country_id_long": "PNG",
        "country_id": "PG",
        "phone_code": "675",
        "capital": "Port Moresby",
        "currency": "PGK",
        "currency_name": "Papua New Guinean kina",
        "currency_symbol": "K",
        "region": "Oceania",
        "subregion": "Melanesia",
        "emoji": "🇵🇬"
    },
    {
        "name": "Paraguay",
        "country_id_long": "PRY",
        "country_id": "PY",
        "phone_code": "595",
        "capital": "Asuncion",
        "currency": "PYG",
        "currency_name": "Paraguayan guarani",
        "currency_symbol": "₲",
        "region": "Americas",
        "subregion": "South America",
        "emoji": "🇵🇾"
    },
    {
        "name": "Peru",
        "country_id_long": "PER",
        "country_id": "PE",
        "phone_code": "51",
        "capital": "Lima",
        "currency": "PEN",
        "currency_name": "Peruvian sol",
        "currency_symbol": "S/.",
        "region": "Americas",
        "subregion": "South America",
        "emoji": "🇵🇪"
    },
    {
        "name": "Philippines",
        "country_id_long": "PHL",
        "country_id": "PH",
        "phone_code": "63",
        "capital": "Manila",
        "currency": "PHP",
        "currency_name": "Philippine peso",
        "currency_symbol": "₱",
        "region": "Asia",
        "subregion": "South-Eastern Asia",
        "emoji": "🇵🇭"
    },
    {
        "name": "Pitcairn Island",
        "country_id_long": "PCN",
        "country_id": "PN",
        "phone_code": "870",
        "capital": "Adamstown",
        "currency": "NZD",
        "currency_name": "New Zealand dollar",
        "currency_symbol": "$",
        "region": "Oceania",
        "subregion": "Polynesia",
        "emoji": "🇵🇳"
    },
    {
        "name": "Poland",
        "country_id_long": "POL",
        "country_id": "PL",
        "phone_code": "48",
        "capital": "Warsaw",
        "currency": "PLN",
        "currency_name": "Polish złoty",
        "currency_symbol": "zł",
        "region": "Europe",
        "subregion": "Eastern Europe",
        "emoji": "🇵🇱"
    },
    {
        "name": "Portugal",
        "country_id_long": "PRT",
        "country_id": "PT",
        "phone_code": "351",
        "capital": "Lisbon",
        "currency": "EUR",
        "currency_name": "Euro",
        "currency_symbol": "€",
        "region": "Europe",
        "subregion": "Southern Europe",
        "emoji": "🇵🇹"
    },
    {
        "name": "Puerto Rico",
        "country_id_long": "PRI",
        "country_id": "PR",
        "phone_code": "17871939",
        "capital": "San Juan",
        "currency": "USD",
        "currency_name": "United States dollar",
        "currency_symbol": "$",
        "region": "Americas",
        "subregion": "Caribbean",
        "emoji": "🇵🇷"
    },
    {
        "name": "Qatar",
        "country_id_long": "QAT",
        "country_id": "QA",
        "phone_code": "974",
        "capital": "Doha",
        "currency": "QAR",
        "currency_name": "Qatari riyal",
        "currency_symbol": "ق.ر",
        "region": "Asia",
        "subregion": "Western Asia",
        "emoji": "🇶🇦"
    },
    {
        "name": "Reunion",
        "country_id_long": "REU",
        "country_id": "RE",
        "phone_code": "262",
        "capital": "Saint-Denis",
        "currency": "EUR",
        "currency_name": "Euro",
        "currency_symbol": "€",
        "region": "Africa",
        "subregion": "Eastern Africa",
        "emoji": "🇷🇪"
    },
    {
        "name": "Romania",
        "country_id_long": "ROU",
        "country_id": "RO",
        "phone_code": "40",
        "capital": "Bucharest",
        "currency": "RON",
        "currency_name": "Romanian leu",
        "currency_symbol": "lei",
        "region": "Europe",
        "subregion": "Eastern Europe",
        "emoji": "🇷🇴"
    },
    {
        "name": "Russia",
        "country_id_long": "RUS",
        "country_id": "RU",
        "phone_code": "7",
        "capital": "Moscow",
        "currency": "RUB",
        "currency_name": "Russian ruble",
        "currency_symbol": "₽",
        "region": "Europe",
        "subregion": "Eastern Europe",
        "emoji": "🇷🇺"
    },
    {
        "name": "Rwanda",
        "country_id_long": "RWA",
        "country_id": "RW",
        "phone_code": "250",
        "capital": "Kigali",
        "currency": "RWF",
        "currency_name": "Rwandan franc",
        "currency_symbol": "FRw",
        "region": "Africa",
        "subregion": "Eastern Africa",
        "emoji": "🇷🇼"
    },
    {
        "name": "Saint Helena",
        "country_id_long": "SHN",
        "country_id": "SH",
        "phone_code": "290",
        "capital": "Jamestown",
        "currency": "SHP",
        "currency_name": "Saint Helena pound",
        "currency_symbol": "£",
        "region": "Africa",
        "subregion": "Western Africa",
        "emoji": "🇸🇭"
    },
    {
        "name": "Saint Kitts And Nevis",
        "country_id_long": "KNA",
        "country_id": "KN",
        "phone_code": "1869",
        "capital": "Basseterre",
        "currency": "XCD",
        "currency_name": "Eastern Caribbean dollar",
        "currency_symbol": "$",
        "region": "Americas",
        "subregion": "Caribbean",
        "emoji": "🇰🇳"
    },
    {
        "name": "Saint Lucia",
        "country_id_long": "LCA",
        "country_id": "LC",
        "phone_code": "1758",
        "capital": "Castries",
        "currency": "XCD",
        "currency_name": "Eastern Caribbean dollar",
        "currency_symbol": "$",
        "region": "Americas",
        "subregion": "Caribbean",
        "emoji": "🇱🇨"
    },
    {
        "name": "Saint Pierre and Miquelon",
        "country_id_long": "SPM",
        "country_id": "PM",
        "phone_code": "508",
        "capital": "Saint-Pierre",
        "currency": "EUR",
        "currency_name": "Euro",
        "currency_symbol": "€",
        "region": "Americas",
        "subregion": "Northern America",
        "emoji": "🇵🇲"
    },
    {
        "name": "Saint Vincent And The Grenadines",
        "country_id_long": "VCT",
        "country_id": "VC",
        "phone_code": "1784",
        "capital": "Kingstown",
        "currency": "XCD",
        "currency_name": "Eastern Caribbean dollar",
        "currency_symbol": "$",
        "region": "Americas",
        "subregion": "Caribbean",
        "emoji": "🇻🇨"
    },
    {
        "name": "Saint-Barthelemy",
        "country_id_long": "BLM",
        "country_id": "BL",
        "phone_code": "590",
        "capital": "Gustavia",
        "currency": "EUR",
        "currency_name": "Euro",
        "currency_symbol": "€",
        "region": "Americas",
        "subregion": "Caribbean",
        "emoji": "🇧🇱"
    },
    {
        "name": "Saint-Martin (French part)",
        "country_id_long": "MAF",
        "country_id": "MF",
        "phone_code": "590",
        "capital": "Marigot",
        "currency": "EUR",
        "currency_name": "Euro",
        "currency_symbol": "€",
        "region": "Americas",
        "subregion": "Caribbean",
        "emoji": "🇲🇫"
    },
    {
        "name": "Samoa",
        "country_id_long": "WSM",
        "country_id": "WS",
        "phone_code": "685",
        "capital": "Apia",
        "currency": "WST",
        "currency_name": "Samoan tÄlÄ",
        "currency_symbol": "SAT",
        "region": "Oceania",
        "subregion": "Polynesia",
        "emoji": "🇼🇸"
    },
    {
        "name": "San Marino",
        "country_id_long": "SMR",
        "country_id": "SM",
        "phone_code": "378",
        "capital": "San Marino",
        "currency": "EUR",
        "currency_name": "Euro",
        "currency_symbol": "€",
        "region": "Europe",
        "subregion": "Southern Europe",
        "emoji": "🇸🇲"
    },
    {
        "name": "Sao Tome and Principe",
        "country_id_long": "STP",
        "country_id": "ST",
        "phone_code": "239",
        "capital": "Sao Tome",
        "currency": "STD",
        "currency_name": "Dobra",
        "currency_symbol": "Db",
        "region": "Africa",
        "subregion": "Middle Africa",
        "emoji": "🇸🇹"
    },
    {
        "name": "Saudi Arabia",
        "country_id_long": "SAU",
        "country_id": "SA",
        "phone_code": "966",
        "capital": "Riyadh",
        "currency": "SAR",
        "currency_name": "Saudi riyal",
        "currency_symbol": "﷼",
        "region": "Asia",
        "subregion": "Western Asia",
        "emoji": "🇸🇦"
    },
    {
        "name": "Senegal",
        "country_id_long": "SEN",
        "country_id": "SN",
        "phone_code": "221",
        "capital": "Dakar",
        "currency": "XOF",
        "currency_name": "West African CFA franc",
        "currency_symbol": "CFA",
        "region": "Africa",
        "subregion": "Western Africa",
        "emoji": "🇸🇳"
    },
    {
        "name": "Serbia",
        "country_id_long": "SRB",
        "country_id": "RS",
        "phone_code": "381",
        "capital": "Belgrade",
        "currency": "RSD",
        "currency_name": "Serbian dinar",
        "currency_symbol": "din",
        "region": "Europe",
        "subregion": "Southern Europe",
        "emoji": "🇷🇸"
    },
    {
        "name": "Seychelles",
        "country_id_long": "SYC",
        "country_id": "SC",
        "phone_code": "248",
        "capital": "Victoria",
        "currency": "SCR",
        "currency_name": "Seychellois rupee",
        "currency_symbol": "SRe",
        "region": "Africa",
        "subregion": "Eastern Africa",
        "emoji": "🇸🇨"
    },
    {
        "name": "Sierra Leone",
        "country_id_long": "SLE",
        "country_id": "SL",
        "phone_code": "232",
        "capital": "Freetown",
        "currency": "SLL",
        "currency_name": "Sierra Leonean leone",
        "currency_symbol": "Le",
        "region": "Africa",
        "subregion": "Western Africa",
        "emoji": "🇸🇱"
    },
    {
        "name": "Singapore",
        "country_id_long": "SGP",
        "country_id": "SG",
        "phone_code": "65",
        "capital": "Singapur",
        "currency": "SGD",
        "currency_name": "Singapore dollar",
        "currency_symbol": "$",
        "region": "Asia",
        "subregion": "South-Eastern Asia",
        "emoji": "🇸🇬"
    },
    {
        "name": "Sint Maarten (Dutch part)",
        "country_id_long": "SXM",
        "country_id": "SX",
        "phone_code": "1721",
        "capital": "Philipsburg",
        "currency": "ANG",
        "currency_name": "Netherlands Antillean guilder",
        "currency_symbol": "ƒ",
        "region": "Americas",
        "subregion": "Caribbean",
        "emoji": "🇸🇽"
    },
    {
        "name": "Slovakia",
        "country_id_long": "SVK",
        "country_id": "SK",
        "phone_code": "421",
        "capital": "Bratislava",
        "currency": "EUR",
        "currency_name": "Euro",
        "currency_symbol": "€",
        "region": "Europe",
        "subregion": "Eastern Europe",
        "emoji": "🇸🇰"
    },
    {
        "name": "Slovenia",
        "country_id_long": "SVN",
        "country_id": "SI",
        "phone_code": "386",
        "capital": "Ljubljana",
        "currency": "EUR",
        "currency_name": "Euro",
        "currency_symbol": "€",
        "region": "Europe",
        "subregion": "Southern Europe",
        "emoji": "🇸🇮"
    },
    {
        "name": "Solomon Islands",
        "country_id_long": "SLB",
        "country_id": "SB",
        "phone_code": "677",
        "capital": "Honiara",
        "currency": "SBD",
        "currency_name": "Solomon Islands dollar",
        "currency_symbol": "Si$",
        "region": "Oceania",
        "subregion": "Melanesia",
        "emoji": "🇸🇧"
    },
    {
        "name": "Somalia",
        "country_id_long": "SOM",
        "country_id": "SO",
        "phone_code": "252",
        "capital": "Mogadishu",
        "currency": "SOS",
        "currency_name": "Somali shilling",
        "currency_symbol": "Sh.so.",
        "region": "Africa",
        "subregion": "Eastern Africa",
        "emoji": "🇸🇴"
    },
    {
        "name": "South Africa",
        "country_id_long": "ZAF",
        "country_id": "ZA",
        "phone_code": "27",
        "capital": "Pretoria",
        "currency": "ZAR",
        "currency_name": "South African rand",
        "currency_symbol": "R",
        "region": "Africa",
        "subregion": "Southern Africa",
        "emoji": "🇿🇦"
    },
    {
        "name": "South Georgia",
        "country_id_long": "SGS",
        "country_id": "GS",
        "phone_code": "500",
        "capital": "Grytviken",
        "currency": "GBP",
        "currency_name": "British pound",
        "currency_symbol": "£",
        "region": "Americas",
        "subregion": "South America",
        "emoji": "🇬🇸"
    },
    {
        "name": "South Korea",
        "country_id_long": "KOR",
        "country_id": "KR",
        "phone_code": "82",
        "capital": "Seoul",
        "currency": "KRW",
        "currency_name": "Won",
        "currency_symbol": "₩",
        "region": "Asia",
        "subregion": "Eastern Asia",
        "emoji": "🇰🇷"
    },
    {
        "name": "South Sudan",
        "country_id_long": "SSD",
        "country_id": "SS",
        "phone_code": "211",
        "capital": "Juba",
        "currency": "SSP",
        "currency_name": "South Sudanese pound",
        "currency_symbol": "£",
        "region": "Africa",
        "subregion": "Middle Africa",
        "emoji": "🇸🇸"
    },
    {
        "name": "Spain",
        "country_id_long": "ESP",
        "country_id": "ES",
        "phone_code": "34",
        "capital": "Madrid",
        "currency": "EUR",
        "currency_name": "Euro",
        "currency_symbol": "€",
        "region": "Europe",
        "subregion": "Southern Europe",
        "emoji": "🇪🇸"
    },
    {
        "name": "Sri Lanka",
        "country_id_long": "LKA",
        "country_id": "LK",
        "phone_code": "94",
        "capital": "Colombo",
        "currency": "LKR",
        "currency_name": "Sri Lankan rupee",
        "currency_symbol": "Rs",
        "region": "Asia",
        "subregion": "Southern Asia",
        "emoji": "🇱🇰"
    },
    {
        "name": "Sudan",
        "country_id_long": "SDN",
        "country_id": "SD",
        "phone_code": "249",
        "capital": "Khartoum",
        "currency": "SDG",
        "currency_name": "Sudanese pound",
        "currency_symbol": ".س.ج",
        "region": "Africa",
        "subregion": "Northern Africa",
        "emoji": "🇸🇩"
    },
    {
        "name": "Suriname",
        "country_id_long": "SUR",
        "country_id": "SR",
        "phone_code": "597",
        "capital": "Paramaribo",
        "currency": "SRD",
        "currency_name": "Surinamese dollar",
        "currency_symbol": "$",
        "region": "Americas",
        "subregion": "South America",
        "emoji": "🇸🇷"
    },
    {
        "name": "Svalbard And Jan Mayen Islands",
        "country_id_long": "SJM",
        "country_id": "SJ",
        "phone_code": "47",
        "capital": "Longyearbyen",
        "currency": "NOK",
        "currency_name": "Norwegian Krone",
        "currency_symbol": "kr",
        "region": "Europe",
        "subregion": "Northern Europe",
        "emoji": "🇸🇯"
    },
    {
        "name": "Swaziland",
        "country_id_long": "SWZ",
        "country_id": "SZ",
        "phone_code": "268",
        "capital": "Mbabane",
        "currency": "SZL",
        "currency_name": "Lilangeni",
        "currency_symbol": "E",
        "region": "Africa",
        "subregion": "Southern Africa",
        "emoji": "🇸🇿"
    },
    {
        "name": "Sweden",
        "country_id_long": "SWE",
        "country_id": "SE",
        "phone_code": "46",
        "capital": "Stockholm",
        "currency": "SEK",
        "currency_name": "Swedish krona",
        "currency_symbol": "kr",
        "region": "Europe",
        "subregion": "Northern Europe",
        "emoji": "🇸🇪"
    },
    {
        "name": "Switzerland",
        "country_id_long": "CHE",
        "country_id": "CH",
        "phone_code": "41",
        "capital": "Bern",
        "currency": "CHF",
        "currency_name": "Swiss franc",
        "currency_symbol": "CHf",
        "region": "Europe",
        "subregion": "Western Europe",
        "emoji": "🇨🇭"
    },
    {
        "name": "Syria",
        "country_id_long": "SYR",
        "country_id": "SY",
        "phone_code": "963",
        "capital": "Damascus",
        "currency": "SYP",
        "currency_name": "Syrian pound",
        "currency_symbol": "LS",
        "region": "Asia",
        "subregion": "Western Asia",
        "emoji": "🇸🇾"
    },
    {
        "name": "Taiwan",
        "country_id_long": "TWN",
        "country_id": "TW",
        "phone_code": "886",
        "capital": "Taipei",
        "currency": "TWD",
        "currency_name": "New Taiwan dollar",
        "currency_symbol": "$",
        "region": "Asia",
        "subregion": "Eastern Asia",
        "emoji": "🇹🇼"
    },
    {
        "name": "Tajikistan",
        "country_id_long": "TJK",
        "country_id": "TJ",
        "phone_code": "992",
        "capital": "Dushanbe",
        "currency": "TJS",
        "currency_name": "Tajikistani somoni",
        "currency_symbol": "SM",
        "region": "Asia",
        "subregion": "Central Asia",
        "emoji": "🇹🇯"
    },
    {
        "name": "Tanzania",
        "country_id_long": "TZA",
        "country_id": "TZ",
        "phone_code": "255",
        "capital": "Dodoma",
        "currency": "TZS",
        "currency_name": "Tanzanian shilling",
        "currency_symbol": "TSh",
        "region": "Africa",
        "subregion": "Eastern Africa",
        "emoji": "🇹🇿"
    },
    {
        "name": "Thailand",
        "country_id_long": "THA",
        "country_id": "TH",
        "phone_code": "66",
        "capital": "Bangkok",
        "currency": "THB",
        "currency_name": "Thai baht",
        "currency_symbol": "฿",
        "region": "Asia",
        "subregion": "South-Eastern Asia",
        "emoji": "🇹🇭"
    },
    {
        "name": "The Bahamas",
        "country_id_long": "BHS",
        "country_id": "BS",
        "phone_code": "1242",
        "capital": "Nassau",
        "currency": "BSD",
        "currency_name": "Bahamian dollar",
        "currency_symbol": "B$",
        "region": "Americas",
        "subregion": "Caribbean",
        "emoji": "🇧🇸"
    },
    {
        "name": "Togo",
        "country_id_long": "TGO",
        "country_id": "TG",
        "phone_code": "228",
        "capital": "Lome",
        "currency": "XOF",
        "currency_name": "West African CFA franc",
        "currency_symbol": "CFA",
        "region": "Africa",
        "subregion": "Western Africa",
        "emoji": "🇹🇬"
    },
    {
        "name": "Tokelau",
        "country_id_long": "TKL",
        "country_id": "TK",
        "phone_code": "690",
        "capital": "",
        "currency": "NZD",
        "currency_name": "New Zealand dollar",
        "currency_symbol": "$",
        "region": "Oceania",
        "subregion": "Polynesia",
        "emoji": "🇹🇰"
    },
    {
        "name": "Tonga",
        "country_id_long": "TON",
        "country_id": "TO",
        "phone_code": "676",
        "capital": "Nuku'alofa",
        "currency": "TOP",
        "currency_name": "Tongan paʻanga",
        "currency_symbol": "$",
        "region": "Oceania",
        "subregion": "Polynesia",
        "emoji": "🇹🇴"
    },
    {
        "name": "Trinidad And Tobago",
        "country_id_long": "TTO",
        "country_id": "TT",
        "phone_code": "1868",
        "capital": "Port of Spain",
        "currency": "TTD",
        "currency_name": "Trinidad and Tobago dollar",
        "currency_symbol": "$",
        "region": "Americas",
        "subregion": "Caribbean",
        "emoji": "🇹🇹"
    },
    {
        "name": "Tunisia",
        "country_id_long": "TUN",
        "country_id": "TN",
        "phone_code": "216",
        "capital": "Tunis",
        "currency": "TND",
        "currency_name": "Tunisian dinar",
        "currency_symbol": "ت.د",
        "region": "Africa",
        "subregion": "Northern Africa",
        "emoji": "🇹🇳"
    },
    {
        "name": "Turkey",
        "country_id_long": "TUR",
        "country_id": "TR",
        "phone_code": "90",
        "capital": "Ankara",
        "currency": "TRY",
        "currency_name": "Turkish lira",
        "currency_symbol": "₺",
        "region": "Asia",
        "subregion": "Western Asia",
        "emoji": "🇹🇷"
    },
    {
        "name": "Turkmenistan",
        "country_id_long": "TKM",
        "country_id": "TM",
        "phone_code": "993",
        "capital": "Ashgabat",
        "currency": "TMT",
        "currency_name": "Turkmenistan manat",
        "currency_symbol": "T",
        "region": "Asia",
        "subregion": "Central Asia",
        "emoji": "🇹🇲"
    },
    {
        "name": "Turks And Caicos Islands",
        "country_id_long": "TCA",
        "country_id": "TC",
        "phone_code": "1649",
        "capital": "Cockburn Town",
        "currency": "USD",
        "currency_name": "United States dollar",
        "currency_symbol": "$",
        "region": "Americas",
        "subregion": "Caribbean",
        "emoji": "🇹🇨"
    },
    {
        "name": "Tuvalu",
        "country_id_long": "TUV",
        "country_id": "TV",
        "phone_code": "688",
        "capital": "Funafuti",
        "currency": "AUD",
        "currency_name": "Australian dollar",
        "currency_symbol": "$",
        "region": "Oceania",
        "subregion": "Polynesia",
        "emoji": "🇹🇻"
    },
    {
        "name": "Uganda",
        "country_id_long": "UGA",
        "country_id": "UG",
        "phone_code": "256",
        "capital": "Kampala",
        "currency": "UGX",
        "currency_name": "Ugandan shilling",
        "currency_symbol": "USh",
        "region": "Africa",
        "subregion": "Eastern Africa",
        "emoji": "🇺🇬"
    },
    {
        "name": "Ukraine",
        "country_id_long": "UKR",
        "country_id": "UA",
        "phone_code": "380",
        "capital": "Kiev",
        "currency": "UAH",
        "currency_name": "Ukrainian hryvnia",
        "currency_symbol": "₴",
        "region": "Europe",
        "subregion": "Eastern Europe",
        "emoji": "🇺🇦"
    },
    {
        "name": "United Arab Emirates",
        "country_id_long": "ARE",
        "country_id": "AE",
        "phone_code": "971",
        "capital": "Abu Dhabi",
        "currency": "AED",
        "currency_name": "United Arab Emirates dirham",
        "currency_symbol": "إ.د",
        "region": "Asia",
        "subregion": "Western Asia",
        "emoji": "🇦🇪"
    },
    {
        "name": "United Kingdom",
        "country_id_long": "GBR",
        "country_id": "GB",
        "phone_code": "44",
        "capital": "London",
        "currency": "GBP",
        "currency_name": "British pound",
        "currency_symbol": "£",
        "region": "Europe",
        "subregion": "Northern Europe",
        "emoji": "🇬🇧"
    },
    {
        "name": "United States",
        "country_id_long": "USA",
        "country_id": "US",
        "phone_code": "1",
        "capital": "Washington",
        "currency": "USD",
        "currency_name": "United States dollar",
        "currency_symbol": "$",
        "region": "Americas",
        "subregion": "Northern America",
        "emoji": "🇺🇸"
    },
    {
        "name": "United States Minor Outlying Islands",
        "country_id_long": "UMI",
        "country_id": "UM",
        "phone_code": "1",
        "capital": "",
        "currency": "USD",
        "currency_name": "United States dollar",
        "currency_symbol": "$",
        "region": "Americas",
        "subregion": "Northern America",
        "emoji": "🇺🇲"
    },
    {
        "name": "Uruguay",
        "country_id_long": "URY",
        "country_id": "UY",
        "phone_code": "598",
        "capital": "Montevideo",
        "currency": "UYU",
        "currency_name": "Uruguayan peso",
        "currency_symbol": "$",
        "region": "Americas",
        "subregion": "South America",
        "emoji": "🇺🇾"
    },
    {
        "name": "Uzbekistan",
        "country_id_long": "UZB",
        "country_id": "UZ",
        "phone_code": "998",
        "capital": "Tashkent",
        "currency": "UZS",
        "currency_name": "Uzbekistani soʻm",
        "currency_symbol": "лв",
        "region": "Asia",
        "subregion": "Central Asia",
        "emoji": "🇺🇿"
    },
    {
        "name": "Vanuatu",
        "country_id_long": "VUT",
        "country_id": "VU",
        "phone_code": "678",
        "capital": "Port Vila",
        "currency": "VUV",
        "currency_name": "Vanuatu vatu",
        "currency_symbol": "VT",
        "region": "Oceania",
        "subregion": "Melanesia",
        "emoji": "🇻🇺"
    },
    {
        "name": "Vatican City State (Holy See)",
        "country_id_long": "VAT",
        "country_id": "VA",
        "phone_code": "379",
        "capital": "Vatican City",
        "currency": "EUR",
        "currency_name": "Euro",
        "currency_symbol": "€",
        "region": "Europe",
        "subregion": "Southern Europe",
        "emoji": "🇻🇦"
    },
    {
        "name": "Venezuela",
        "country_id_long": "VEN",
        "country_id": "VE",
        "phone_code": "58",
        "capital": "Caracas",
        "currency": "VEF",
        "currency_name": "Bolívar",
        "currency_symbol": "Bs",
        "region": "Americas",
        "subregion": "South America",
        "emoji": "🇻🇪"
    },
    {
        "name": "Vietnam",
        "country_id_long": "VNM",
        "country_id": "VN",
        "phone_code": "84",
        "capital": "Hanoi",
        "currency": "VND",
        "currency_name": "Vietnamese đồng",
        "currency_symbol": "₫",
        "region": "Asia",
        "subregion": "South-Eastern Asia",
        "emoji": "🇻🇳"
    },
    {
        "name": "Virgin Islands (British)",
        "country_id_long": "VGB",
        "country_id": "VG",
        "phone_code": "1284",
        "capital": "Road Town",
        "currency": "USD",
        "currency_name": "United States dollar",
        "currency_symbol": "$",
        "region": "Americas",
        "subregion": "Caribbean",
        "emoji": "🇻🇬"
    },
    {
        "name": "Virgin Islands (US)",
        "country_id_long": "VIR",
        "country_id": "VI",
        "phone_code": "1340",
        "capital": "Charlotte Amalie",
        "currency": "USD",
        "currency_name": "United States dollar",
        "currency_symbol": "$",
        "region": "Americas",
        "subregion": "Caribbean",
        "emoji": "🇻🇮"
    },
    {
        "name": "Wallis And Futuna Islands",
        "country_id_long": "WLF",
        "country_id": "WF",
        "phone_code": "681",
        "capital": "Mata Utu",
        "currency": "XPF",
        "currency_name": "CFP franc",
        "currency_symbol": "₣",
        "region": "Oceania",
        "subregion": "Polynesia",
        "emoji": "🇼🇫"
    },
    {
        "name": "Western Sahara",
        "country_id_long": "ESH",
        "country_id": "EH",
        "phone_code": "212",
        "capital": "El-Aaiun",
        "currency": "MAD",
        "currency_name": "Moroccan Dirham",
        "currency_symbol": "MAD",
        "region": "Africa",
        "subregion": "Northern Africa",
        "emoji": "🇪🇭"
    },
    {
        "name": "Yemen",
        "country_id_long": "YEM",
        "country_id": "YE",
        "phone_code": "967",
        "capital": "Sanaa",
        "currency": "YER",
        "currency_name": "Yemeni rial",
        "currency_symbol": "﷼",
        "region": "Asia",
        "subregion": "Western Asia",
        "emoji": "🇾🇪"
    },
    {
        "name": "Zambia",
        "country_id_long": "ZMB",
        "country_id": "ZM",
        "phone_code": "260",
        "capital": "Lusaka",
        "currency": "ZMW",
        "currency_name": "Zambian kwacha",
        "currency_symbol": "ZK",
        "region": "Africa",
        "subregion": "Eastern Africa",
        "emoji": "🇿🇲"
    },
    {
        "name": "Zimbabwe",
        "country_id_long": "ZWE",
        "country_id": "ZW",
        "phone_code": "263",
        "capital": "Harare",
        "currency": "ZWL",
        "currency_name": "Zimbabwe Dollar",
        "currency_symbol": "$",
        "region": "Africa",
        "subregion": "Eastern Africa",
        "emoji": "🇿🇼"
    }
]
